-- Adminer 4.8.1 MySQL 8.1.0 dump

SET NAMES utf8;
SET time_zone = '+00:00';
SET foreign_key_checks = 0;
SET sql_mode = 'NO_AUTO_VALUE_ON_ZERO';

SET NAMES utf8mb4;

DROP TABLE IF EXISTS `categories`;
CREATE TABLE `categories` (
  `id` bigint unsigned NOT NULL AUTO_INCREMENT,
  `category` varchar(255) COLLATE utf8mb4_unicode_ci NOT NULL,
  `created_at` timestamp NULL DEFAULT NULL,
  `updated_at` timestamp NULL DEFAULT NULL,
  PRIMARY KEY (`id`)
) ENGINE=InnoDB DEFAULT CHARSET=utf8mb4 COLLATE=utf8mb4_unicode_ci;

INSERT INTO `categories` (`id`, `category`, `created_at`, `updated_at`) VALUES
(3,	'Kuliner',	'2023-07-13 04:07:42',	'2023-09-18 13:22:23'),
(4,	'Kesehatan',	'2023-07-13 04:07:52',	'2023-09-18 13:09:17');

DROP TABLE IF EXISTS `failed_jobs`;
CREATE TABLE `failed_jobs` (
  `id` bigint unsigned NOT NULL AUTO_INCREMENT,
  `uuid` varchar(255) COLLATE utf8mb4_unicode_ci NOT NULL,
  `connection` text COLLATE utf8mb4_unicode_ci NOT NULL,
  `queue` text COLLATE utf8mb4_unicode_ci NOT NULL,
  `payload` longtext COLLATE utf8mb4_unicode_ci NOT NULL,
  `exception` longtext COLLATE utf8mb4_unicode_ci NOT NULL,
  `failed_at` timestamp NOT NULL DEFAULT CURRENT_TIMESTAMP,
  PRIMARY KEY (`id`),
  UNIQUE KEY `failed_jobs_uuid_unique` (`uuid`)
) ENGINE=InnoDB DEFAULT CHARSET=utf8mb4 COLLATE=utf8mb4_unicode_ci;


DROP TABLE IF EXISTS `migrations`;
CREATE TABLE `migrations` (
  `id` int unsigned NOT NULL AUTO_INCREMENT,
  `migration` varchar(255) COLLATE utf8mb4_unicode_ci NOT NULL,
  `batch` int NOT NULL,
  PRIMARY KEY (`id`)
) ENGINE=InnoDB DEFAULT CHARSET=utf8mb4 COLLATE=utf8mb4_unicode_ci;

INSERT INTO `migrations` (`id`, `migration`, `batch`) VALUES
(1,	'2014_10_12_000000_create_users_table',	1),
(2,	'2014_10_12_100000_create_password_reset_tokens_table',	1),
(3,	'2014_10_12_100000_create_password_resets_table',	1),
(4,	'2019_08_19_000000_create_failed_jobs_table',	1),
(5,	'2019_12_14_000001_create_personal_access_tokens_table',	1),
(6,	'2023_07_12_044043_create_categories_table',	1),
(7,	'2023_07_12_045140_create_posts_table',	1);

DROP TABLE IF EXISTS `password_reset_tokens`;
CREATE TABLE `password_reset_tokens` (
  `email` varchar(255) COLLATE utf8mb4_unicode_ci NOT NULL,
  `token` varchar(255) COLLATE utf8mb4_unicode_ci NOT NULL,
  `created_at` timestamp NULL DEFAULT NULL,
  PRIMARY KEY (`email`)
) ENGINE=InnoDB DEFAULT CHARSET=utf8mb4 COLLATE=utf8mb4_unicode_ci;


DROP TABLE IF EXISTS `password_resets`;
CREATE TABLE `password_resets` (
  `email` varchar(255) COLLATE utf8mb4_unicode_ci NOT NULL,
  `token` varchar(255) COLLATE utf8mb4_unicode_ci NOT NULL,
  `created_at` timestamp NULL DEFAULT NULL,
  KEY `password_resets_email_index` (`email`)
) ENGINE=InnoDB DEFAULT CHARSET=utf8mb4 COLLATE=utf8mb4_unicode_ci;


DROP TABLE IF EXISTS `personal_access_tokens`;
CREATE TABLE `personal_access_tokens` (
  `id` bigint unsigned NOT NULL AUTO_INCREMENT,
  `tokenable_type` varchar(255) COLLATE utf8mb4_unicode_ci NOT NULL,
  `tokenable_id` bigint unsigned NOT NULL,
  `name` varchar(255) COLLATE utf8mb4_unicode_ci NOT NULL,
  `token` varchar(64) COLLATE utf8mb4_unicode_ci NOT NULL,
  `abilities` text COLLATE utf8mb4_unicode_ci,
  `last_used_at` timestamp NULL DEFAULT NULL,
  `expires_at` timestamp NULL DEFAULT NULL,
  `created_at` timestamp NULL DEFAULT NULL,
  `updated_at` timestamp NULL DEFAULT NULL,
  PRIMARY KEY (`id`),
  UNIQUE KEY `personal_access_tokens_token_unique` (`token`),
  KEY `personal_access_tokens_tokenable_type_tokenable_id_index` (`tokenable_type`,`tokenable_id`)
) ENGINE=InnoDB DEFAULT CHARSET=utf8mb4 COLLATE=utf8mb4_unicode_ci;


DROP TABLE IF EXISTS `posts`;
CREATE TABLE `posts` (
  `id` bigint unsigned NOT NULL AUTO_INCREMENT,
  `user_id` bigint unsigned NOT NULL,
  `cat_id` bigint unsigned NOT NULL,
  `title` varchar(255) COLLATE utf8mb4_unicode_ci NOT NULL,
  `content` text COLLATE utf8mb4_unicode_ci NOT NULL,
  `image` varchar(255) COLLATE utf8mb4_unicode_ci NOT NULL,
  `created_at` timestamp NULL DEFAULT NULL,
  `updated_at` timestamp NULL DEFAULT NULL,
  PRIMARY KEY (`id`),
  KEY `posts_user_id_foreign` (`user_id`),
  KEY `posts_cat_id_foreign` (`cat_id`),
  CONSTRAINT `posts_cat_id_foreign` FOREIGN KEY (`cat_id`) REFERENCES `categories` (`id`) ON DELETE CASCADE,
  CONSTRAINT `posts_user_id_foreign` FOREIGN KEY (`user_id`) REFERENCES `users` (`id`) ON DELETE CASCADE
) ENGINE=InnoDB DEFAULT CHARSET=utf8mb4 COLLATE=utf8mb4_unicode_ci;

INSERT INTO `posts` (`id`, `user_id`, `cat_id`, `title`, `content`, `image`, `created_at`, `updated_at`) VALUES
(27,	1,	4,	'Bidang Kesehatan Daker Madinah Gelar Penguatan Teknis Layanan Kesehatan di Kloter Gelombang Dua',	'Jemaah Haji gelombang dua secara bertahap mulai bergerak ke Kota Madinah sejak 10 Juli 2023. Bidang kesehatan daerah kerja (Daker) Madinah beserta perwakilan tim Klinik Kesehatan Haji Indonesia (KKHI) Madinah menggelar penguatan layanan kesehatan kloter secara bertahap di 5 sektor. Kegiatan ini mulai dilaksanakan di sektor 2 Madinah pada 15 Juli 2023.\r\n\r\n\'\'Kegiatan ini kami mulai dari sektor 2, dengan mengumpulkan seluruh perwakilan TKHK untuk diberikan pembekalan teknis mengenai pelayanan kesehatan di kloter. Kegiatan ini merupakan salah satu strategi kami dalam menurunkan angka kesakitan dan kematian jemaah haji di Madinah pasca Armuzna dan jelang kepulangan,\'\' tutur dr. Alfarizi.\r\n\r\nKasie Kesehatan Daker Madinah dr. Thafsin Alfarizi menyampaikan bahwa kegiatan ini merupakan salah satu strategi untuk menurunkan angka kesakitan dan kematian jemaah haji gelombang 2 yang saat ini berada di Madinah.\r\n\r\nLebih lanjut dr. Alfarizi menyampaikan bahwa dalam kegiatan ini tenaga kesehatan haji kloter (TKHK) diberikan kembali pembekalan teknis terkait pelayanan kesehatan untuk jemaah haji hingga penyelesaian masalah yang terjadi di kloter.\r\n\r\nBeberapa hal yang dibahas adalah optimalisasi pelayanan bagi jemaah Risti, pelayanan rujukan ke KKHI Madinah, distribusi obat dan perbekalan kesehatan, tata laksana jika ada jemaah haji wafat, pemanfaatan telepetugas dan telejemaah, hingga tanazul.\r\n\r\nSelain dilakukan pembekalan teknis, forum ini adalah kesempatan TKHK untuk melakukan tanya jawab permasalahan yang sering dihadapi di kloter. TKHK juga diberikan penguatan mengenai kewaspadaan peningkatan penyakit saluran pernapasan dan pneumonia terutama pasca Armuzna.\r\n\r\n\'\'Saya harap agar TKHK mewaspadai peningkatan kasus penyakit saluran pernapasan dan pneumonia pada jemaah haji terutama pasca puncak ibadah haji di Armuzna. Jangan lelah mengingatkan jemaah kita untuk perkuat protokol kesehatan,\'\' katanya.\r\n\r\nSecara khusus, dr. Alfarizi juga mengingatkan rekan TKHK untuk tetap semangat dan terus fokus dalam melayani para jemaah haji di gelombang dua ini terutama menjelang pemulangan ke tanah air.\r\n\r\n\'\'Jelang kepulangan, rekan TKHK saya harap untuk tetap semangat dan terus fokus dalam pelayanan jemaah haji kita,\'\' tuturnya.\r\n\r\nIa juga berpesan agar TKHK mengedukasi  para jemaah haji di kloter masing-masing agar tidak memaksakan diri untuk melaksanakan ibadah Arbain, khususnya bagi jemaah haji Risti. Harapannya jemaah haji dapat kembali ke tanah air menjadi haji mabrur yang sehat.\r\n\r\n\'\'Rekan TKHK diharapkan dapat memberikan edukasi kepada jemaah hajinya terutama yang Risti agar tidak memaksakan diri untuk melaksanakan Arbain. Sesuaikan ibadah dengan kondisi tubuh dan istirahat yang cukup,\'\' ujarnya.',	'1690342384.jpg',	'2023-07-26 03:33:04',	'2023-09-18 13:33:36'),
(34,	1,	4,	'Indonesia dan Malaysia Kembali Berbagi Pengalaman Penyelenggaraan Kesehatan Haji di Arab Saudi',	'Tim Kesehatan Haji Indonesia dan Malaysia kembali berbagi pengalaman dalam penyelenggaraan kesehatan haji di masing-masing negara. Sekitar 20 orang tim ahli dari Rombongan Haji Perubatan Malaysia yang bertandang ke Klinik Kesehatan Haji Indonesia (KKHI) Makkah pada Senin, 17 Juli 2023.\r\n\r\nRombongan Haji Perubatan Malaysia yang dipimpin oleh Timbalan Ketua Rombongan Haji Perubatan dr. Abdul Marsudi diterima oleh Kepala Bidang Kesehatan PPIH Arab Saudi dr. M. Imran beserta jajaran KKHI Makkah.\r\n\r\nRombongan Haji Perubatan Malaysia merupakan penyelenggara kesehatan haji bagi jemaah haji asal Malaysia di Arab Saudi. Setiap tahunnya kuota jemaah haji Malaysia sebesar 31.600 orang dengan jumlah pendaftar haji sebanyak 3 juta, sehingga masa antrean haji mencapai 100 tahun.\r\n\r\ndr. Abdul menyatakan kunjungan hari ini guna melihat secara langsung fasilitas kesehatan haji Indonesia di Mekkah. Selain itu, mereka berdikusi dan berbagi pengalaman selama penyelenggaraan haji tahun ini.\r\n\r\nLebih lanjut ia menyampaikan bahwa pertemuan ini baik untuk berbagi ide bagi kedua belah pihak dalam rangka peningkatan pelayanan kesehatan haji di masa mendatang.\r\n\r\n\'\'Hari ini kami berkunjung untuk melihat pelayanan kesehatan haji Indonesia serta berbagi pengalaman selama penyelenggaraan haji, khususnya tahun ini. Hari ini kami harapkan kita bisa berdiskusi secara santai sehingga bisa mengambil manfaat untuk kedua belah pihak,\'\' kata dr. Abdul.\r\n\r\nDilain pihak, dr. Imran menyambut baik kunjungan perwakilan Rombongan Haji Perubatan Malaysia. Imran menjelaskan bahwa selama diskusi kami saling bertukar informasi dan pengalaman mengenai pelaksanaan kesehatan haji di masing-masing negara. Malaysia termasuk negara yang sangat ketat menegakkan istitaah kesehatan bagi jemaah hajinya.\r\n\r\n\'\'Hari ini kami menerima kunjungan Rombongan Haji Perubatan Malaysia dan berkesempatan untuk berdiskusi serta bertukar pengalaman mengenai penyelenggaraan kesehatan haji tahun ini,\'\' ungkap dr. Imran.\r\n\r\ndr. Imran menyampaikan bahwa penyelenggaraan haji yang dijalankan prinsipnya hampir sama yakni untuk memastikan setiap jemaah haji sehat baik secara fisik, mental, dan spiritual sehingga dapat menjalankan ibadah haji dengan lancar.\r\n\r\nIa juga mengaku dengan pertemuan ini, dapat mengambil pelajaran dari pengalaman Malaysia baik dalam manajemen pengelolaan kesehatan hajinya maupun penegakan istitaah kesehatan hajinya.  Penyelenggaraan kesehatan haji Indonesia mendatang akan berupaya untuk melakukan perbaikan dan membuat inovasi supaya dapat memberikan pelayanan lebih baik dari tahun-tahun sebelumnya.\r\n\r\n\'\'Pada prinsipnya penyelenggaraan haji yang kami laksanakan sama untuk memastikan setiap jemaah haji sehat baik secara fisik, mental dan spiritual. Beberapa hal baik dapat kita gunakan untuk perbaikan pengelolaan kesehatan haji kita ke depannya?,\'\' ungkapnya.\r\n\r\nDengan terjalin baiknya hubungan antara Indonesia dan Malaysia khususnya mengenai penyelenggaraan kesehatan haji, ke depannya dapat menjalin kerja sama dalam bidang pelayanan kesehatan saat penyelenggaraan kesehatan haji di tahun yang akan datang.',	'1690342850.jpg',	'2023-07-26 03:40:50',	'2023-09-18 13:29:55'),
(35,	1,	3,	'Adu Lezat Korea-Sunda',	'Gelombang Hallyu alias budaya K-Pop yang melanda dunia sejak 1990-an, beragam produk budaya populer ”Negeri Ginseng Korea” bisa dengan mudah dijangkau, mulai gawai, otomotif, musik, film, produk mode, kosmetik, dan kuliner.\r\n\r\nUntuk kuliner, berbagai restoran, mulai restoran cepat saji hingga hidangan mewah (fine dining), sudah jadi salah satu alternatif tempat mengisi perut kaum urban. Beberapa jenis santapan malah sudah sangat akrab di lidah dan namanya fasih juga diucapkan kaum urban. Sebut saja tteokbokki, bulgogi, gimbap, kimchi, bibimbap, aneka sajian mie seperti macam jajangmyeon; ramyeon; dan japchae.\r\n\r\nSelain itu, ada pula ayam goreng khas Korea, yang di negaranya lebih diperlakukan ala camilan teman minum bir saat nongkrong. Menu itu disebut chimaek alias chicken dan makgeoli.\r\n\r\nDi tangan chef selebritas pemenang ajang Master Chef Korea Season 4, Jung Chan Hyuk, beberapa hidangan warisan tanah leluhurnya coba diperkenalkan dalam sentuhan fine dining. Orang tua pendiri restoran Jung Chan Dining di kawasan Dago, Bandung, Jawa Barat, ini berasal dari Jindo, sebuah pulau di barat daya Semenanjung Korea.\r\n\r\n”Kalau bicara soal Korean food di sini orang pasti hanya akan ingat Korean barbekyu. Atau, oh, Korean fried chicken. Oh, Korean streetfood macam tteokbokki. Sama ketika saya misalnya suka nasi padang. Tapi nasi padang kan tidak lantas mewakili seluruh kuliner asli Indonesia, yang jumlahnya mungkin ribuan,” ujar Jung.\r\n\r\nSelain berusaha memperkenalkan jenis-jenis hidangan lain dari tanah kelahirannya, Jung juga mencoba pendekatan khusus agar hidangannya bisa diterima lidah orang Indonesia. Salah satunya dengan memasukkan elemen hidangan bertekstur, yang dia yakini memang menjadi salah satu ciri khas kuliner di Indonesia.\r\n\r\n”Dari pengamatan, saya meyakini orang Indonesia suka makanan yang bertekstur keras dan lembut. Salah satunya seperti kerupuk. Di Korea kami mengenal (kerupuk) sebagai bugak. Crispy texture. Jadi dalam (presentasi) sajian kali ini saya membuat banyak (campuran) bugak,” ujar Jung, Rabu (5/7/2023).\r\n\r\nLulusan Le Cordon Bleu Australia (Sydney) ini berkolaborasi dengan Kepala Dapur Eksekutif Hotel Sheraton Grand Jakarta, Denny Gunawan. Chef Denny sebelumnya dikenal sebagai pemenang ajang kontes The Iron Chef tahun 2017.\r\n\r\nSelain menyajikan kuliner andalannya, Jung juga menyandingkan menu-menu tersebut dengan minuman fermentasi tradisional Korea, yang dia buat sendiri. Minuman-minuman fermentasi khas itu juga bisa diperoleh di restorannya, yang hanya melayani model reservasi terlebih dahulu dengan jumlah tamu maksimal 12 orang hanya di akhir pekan.\r\n\r\nSebagai pembuka Jung menyajikan empat macam hidangan starter dalam sekali sajian, dua di antaranya disajikan dengan tambahan elemen crackers. Untuk Zucchini Flower Mandu, perpaduan antara daging bebek dan lobster, dengan siraman saus berbahan telur asin, menjadikan rasa gurih menjadi sangat dominan.',	'1695043757.jpg',	'2023-07-26 03:43:27',	'2023-09-18 13:30:57'),
(36,	1,	3,	'Sensasi Soto Kerbau Khas Kudus',	'Menikmati seporsi soto kerbau di daerah asalnya, Kudus, Jawa Tengah, memberi sensasi tersendiri. Rasa semangkuk soto isi nasi, taoge, dan seledri, dengan banyak irisan daging kerbau menghangatkan tubuh serta memberi kelezatan di lidah.\r\n\r\nWarga dari luar kota yang ingin mencicipi soto kerbau bisa datang ke Taman Bojana yang menjadi pusat kuliner Kudus. Di sana ada tak kurang lima penjual soto kerbau. Para penjual antara lain Pak Rame, Pak Ramidjan, Bu Ramidjan, dan Pindsot.\r\n\r\nRabu dan Kamis (6-7/9/2023), Kompas menyicipi rasa soto kerbau di tiga warung di Taman Bojana dan soto kerbau Bu Djatmi pada makan malam usai peresmian rumah adat Kudus Yasa Amrta.\r\n\r\nAneka rasa rempah, berpadu bawang merah, bawang putih, sedikit garam dan gula menyatu dalam semangkuk soto kerbau Kudus. Rasanya segar, gurih dan manis. Aroma wangi dari taburan bawang putih goreng yang harum hmm.. menyempurnakan rasa ketika menyeruput kuah dan mengunyah isi sotonya.\r\n\r\nDari mencicipi empat mangkuk soto kerbau di empat kedai, tak ada salah satu rasa yang menonjol di antara aneka bumbu tadi. Malahan antara rempah seperti pala, jinten, cengkeh dengan bumbu lain bawang merah, bawang putih saling melengkapi sehingga tercipta keseimbangan yang memunculkan rasa lezat. Setiap suapan kuah soto dan isinya, taoge, seledri serta nasi terasa pas di lidah.\r\n\r\nDaging kerbau tak memungkinkan masuk ke mulut bersama nasi dan sayur karena potongan dagingnya cukup besar. Penjual soto kerbau di Kudus membuat ukuran irisan daging kerbau lebih besar daripada di daerah lain. Ukuran irisan berkisar 2,5 sentimeter dan lebar 1,5-2,5 sentimeter. Butuh suapan terpisah untuk menikmati empuknya daging kerbau.\r\n\r\nUkuran mangkuk soto kerbau pun lebih besar daripada mangkok soto kota lain. Makan satu porsi saja sudah kenyang. Menurut Hj Nikmah (64), penjual Soto Kerbau Pak Ramidjan, kalau irisan daging terlalu kecil, bisa hancur saat direbus.\r\n\r\n”Pembeli tidak suka irisan daging kecil. Mana sekarang banyak saingan. Kalau kasih irisan kecil, bisa ditinggal pembeli, he-he-he,” kata Puji (45) yang mengelola Soto Kerbau Pak Rame, nama kakeknya yang dikenal sebagai penjual soto legendaris di Kudus.',	'1695043671.jpg',	'2023-08-09 01:00:22',	'2023-09-18 13:27:51'),
(37,	1,	4,	'16 Dokter Warga Negara Indonesia Lulusan Luar Negeri Mengabdi di Indonesia',	'Sebanyak 16 dokter Warga Negara Indonesia Program Adaptasi Dokter Spesialis Lulusan Luar Negeri mengabdi di berbagai wilayah di Indonesia sampai pertengahan tahun 2023.\r\n\r\nDirektur Jenderal Tenaga Kesehatan Ariyanti Anaya mengatakan, Seluruh dokter yg telah dilakukan evaluasi kompetensi oleh komite bersama dan dinyatakan kompeten telah diberikan pembekalan dan ditempatkan di fasilitas pelayanan kesehatan sesuai perencanaan kebutuhan nasional.\r\n\r\nDengan keberhasilan ini, pihaknya mengucapkan terima kasih sekaligus memberikan apresiasi atas pencapaian baik ini. Menurutnya ada banyak faktor yang mempengaruhi keberhasilan program ini, salah satunya partisipasi yang tinggi dari dokter spesialis yang bekerja di luar negeri untuk kembali ke tanah air, mengabdikan diri dan ilmunya kepada bangsa dan negara.\r\n\r\n\'\'100 persen tercapai pada triwulan pertama dan kedua itu sungguh luar biasa. Kami tentu sangat senang dan bangga serta berharap agar kedepannya bisa terus ditingkatkan,\'\' kata Dirjen Ariyanti, Senin (31/7) di Jakarta.\r\n\r\nDirjen Arianti melanjutkan, dokter peserta apresiasi berjumlah 16 orang terdiri dari 3 dokter Orthopedi Traumatologi, 3 dokter penyakit dalam, 4 dokter Obstetri Ginekologi, 1 dokter mata, 4 dokter Dermatologi dan Venereologi, dan 1 dokter anak. Seluruhnya telah ditempatkan di 16 RSUD yang tersebar di seluruh Indonesia.\r\n\r\n\'\'Semuanya sudah dapat penempatan, sehingga para dokter bisa memberikan pelayanan spesialis yang dibutuhkan oleh masyarakat di daerah,\'\' harapnya.\r\n\r\nAdapun fasilitas pelayanan kesehatan yang menjadi penempatan dokter spesialis yaitu RSUP Prof Dr. R.D Kandou, Provinsi Sulawesi Utara; RSUD Cut Meutia Aceh Utara dan RSUD dr. Fauziyah Bireun Aceh, Prov Aceh; RSUD Palmatak Anambas, RSUD Zainal Abidin Pagar Alam, Prov Lampung; RSUD Kubu Anyar, Prov Kalbar; RSUD Otanaha Gorontalo; RSUD Dolopo Madiun; RSUD dr H. kimpulan Pane, Sumut; RSUD Muyang Kute Redelong, Aceh; RSUD Noongan Minahasa; RSUD Bendan Pekalongan; RSUD Batara Guru Lawu; RSUD Sawerigading Palopo; RSUD Jaraga Sasameh Barito Selatan; dan RSUD Banten Serang.\r\n\r\nProgram Adaptasi Dokter Spesialis Warga Negara Indonesia Lulusan Luar Negeri merupakan salah satu program transformasi tenaga kesehatan yang berisi kegiatan penyesuaian kompetensi dan kemampuan Dokter Spesialis Warga Negara Indonesia Lulusan Luar Negeri (WNI LLN) yang dilaksanakan pada fasilitas pelayanan kesehatan di Indonesia.\r\n\r\nProgram ini merupakan bagian dari transformasi SDM Kesehatan yang bertujuan untuk mengatasi kekurangan dokter spesialis di Indonesia khususnya di daerah-daerah yang masih kesulitan mengakses pelayanan kesehatan.\r\n\r\nProgram Adaptasi terdiri atas tiga fase yakni pra adaptasi, adaptasi dan pasca adaptasi.\r\n\r\nFase pra adaptasi merupakan tahap pendaftaran dan pengajuan adaptasi. Tahap ini mencakup verifikasi dokumen, penilaian kompetensi pra adaptasi dan pembekalan. Dilanjutkan dengan penerbitan sertifikat yang mencakup sertifikat kompetensi adaptasi serta STR Adaptasi.\r\n\r\nFase adaptasi, adalah tahap penempatan dokter spesialis. Pada tahap ini para dokter ditugaskan ke RS Pemerintah Pusat, Pemda & RS lain yg ditetapkan oleh Menteri Kesehatan dengan durasi penugasan selama 2 tahun.\r\n\r\nFase pasca adaptasi, bila penugasan telah berakhir maka dokter spesialis akan mendapatkan sertifikat kompetensi serta STR Dokter Spesialis.',	'1695043207.jpg',	'2023-08-09 01:07:52',	'2023-09-18 13:25:01'),
(38,	1,	3,	'Kuliner Jember yang Menggoyang Lidah',	'alan-jalan ke Jember kurang lengkap rasanya jika tidak mencicipi kulinernya. Di tempat yang dikenal dengan perhelatan Jember Fashion Carnaval ini, ada beberapa makanan legendaris yang mampu menggoyang lidah para pencinta kuliner.\r\n\r\nMenu nasi pecel menjadi kekhasan kuliner di wilayah Jawa Timur. Hampir setiap kota memiliki keunikan pecel. Begitu pula di Kota Jember, pecel disandingkan dengan menu lain. Pecel dengan banyak pilihan lauk sungguh menggoda para penyuka sayur berbumbu kacang ini.\r\n\r\nPada pagi hari, menu sarapan di Jember yang cocok untuk membuka hari adalah pecel lodeh Wali Songo. Lokasi warung berada di Jalan Sultan Agung, di ujung Gang III, atau persisnya di samping toko Wali Songo I. Tempat makannya berupa kursi yang mengular di sepanjang gang menuju belakang.\r\n\r\n”Untuk yang makan di sini, langsung masuk ambil nomor antrean itu dan cari tempat duduk di dalam,” kata salah seorang pekerja. Pengunjung pun diarahkan untuk mencari tempat duduk di belakang warung. Pelayan warung nantinya akan mendatangi satu per satu pengunjung yang duduk antre dan menanyakan ingin makan apa.\r\n\r\nAdapun pembeli yang ingin membungkus makanan harus antre berdiri di depan warung. Warung buka pukul 05.30 hingga sekitar pukul 12.00.\r\n\r\n”Warung sudah ada sejak tahun 1980-an. Ini meneruskan jualannya Ibu Mariyati. Sekarang jualan ini diteruskan anaknya,” kata Hera, anak Bu Mariyati.\r\n\r\nSeperti menu pecel pada umumnya, pecel lodeh Wali Songo merupakan menu pecel dengan sayur kacang panjang dan tauge. Sayur tersebut akan disiram dengan sambal pecel serta ditambah rempeyek. Oleh karena namanya pecel lodeh, pecel ini pun dilengkapi sayur lodeh nangka. Pelengkap sajiannya adalah irisan daging rendang dan oseng tempe-tahu.',	'1695043431.jpg',	'2023-08-09 01:28:00',	'2023-09-18 13:23:51'),
(39,	1,	4,	'Kemenkes-APRIL Group Penuhi Kebutuhan Alat Kesehatan Puskesmas di 3 Kabupaten di Provinsi Riau',	'Kementerian Kesehatan (Kemenkes) RI bersama Asia Pasific Resources International Limited (APRIL) Group berkolaborasi memperkuat integrasi layanan primer di Kabupaten Pelalawan, Kabupaten Siak, dan Kabupaten Kuantan Singingi, Provinsi Riau. Penguatan itu dilakukan dengan memenuhi kebutuhan alat kesehatan dan peningkatan SDM Kesehatan.\r\n\r\nKolaborasi ini telah diperkuat dengan adanya MoU antara Kemenkes dan APRIL Group pada Selasa (25/7) di Komplek PT. RAPP (Riau Andalan Pulp and Paper) yang merupakan unit bisnis APRIL Group,\r\nberoperasi di Riau.\r\n\r\nRuang lingkup MoU ini mendukung penguatan transformasi layanan primer, meliputi:\r\na. Peningkatan kapasitas sumber daya manusia kesehatan;\r\nb. Peningkatan upaya kesehatan dan perbaikan gizi masyarakat termasuk stunting;\r\nc. Promosi kesehatan dan pemberdayaan masyarakat;\r\nd. Peningkatan akses, kapasitas, dan kapabilitas layanan kesehatan;\r\ne. Peningkatan sistem informasi kesehatan; dan\r\nf. BIdang kesehatan lain yang disepakati.\r\n\r\nRencana tindak lanjut dari MoU ini antara lain: PT. RAPP akan berkontribusi dalam pemenuhan standar alat-alat kesehatan di Puskesmas diikuti dengan pelatihan penggunaannya, di wilayah operasional APRIL Group di Provinsi Riau mencakup 3 Kabupaten, Pelalawan (11 Puskesmas), Siak (8 Puskesmas) dan Kuantan Singingi (11 Puskesmas).\r\n\r\nTerdapat 22 jenis alat yang akan\r\ndidistribusikan ke Puskesmas pada 3 kabupaten tersebut di antaranya, USG Full Set (termasuk printer dan meja),\r\nEKG, Infant Warmer (Inkubator Bayi) Standar, Antropometri Kit, Gynecology Desk and Chair, Nebulizer, dan HB Meter.\r\n\r\nSementara itu, Yayasan Bakti Tanoto yang merupakan organisasi filantropi APRIL Group milik Sukanto Tanoto akan berkontribusi dalam peningkatan kapasitas bagi tenaga kesehatan dan kader dalam mendukung pelayanan kesehatan kepada masyarakat, khususnya\r\ndalam penerapan integrasi pelayanan kesehatan primer di 3 kabupaten, literasi kesehatan di sekolah, dan pengembangan teknologi informasi.\r\n\r\nMenteri Kesehatan (Menkes) Budi Gunadi Sadikin bersama APRIL Group melakukan kunjungan ke Puskesmas Berkilau Kerinci 2 dan Puskesmas Pembantu di Pelalawan. Kunjungan tersebut untuk melihat penerapan konsep integrasi pelayanan kesehatan primer di Kabupaten Pelalawan.\r\n\r\nIa mengatakan paradigma masyarakat harus diubah, dari yang sebelumnya mengobati jadi mencegah tidak sakit. Ini tugasnya ada di Puskesmas dan Posyandu.\r\n\r\n\'\'Intervensinya harus menjaga masyarakat tetap sehat jangan sampai dirawat di rumah sakit. Kalau dirawat di rumah sakit sudah telat, biaya lebih mahal,\'\' ujar Menkes Budi.\r\n\r\nCara menjaga agar tidak sakit, lanjutnya, dapat dilakukan dengan makan teratur bergizi seimbang dan konsisten berolahraga.\r\n\r\n\'\'Pesan buat teman-teman di APRIL Group, nyumbang bantuan ini bagus untuk APRIL. Jangan lupa untuk terus bisa membantu masyarakat sekitar, bukan hanya Kabupaten Pelalawan tapi juga Provinsi Riau, dan ceritakanlah itu ke seluruh dunia,\'\' ungkap Menkes Budi.\r\n\r\nDirjen Kesehatan Masyarakat dr. Maria Endang Sumiwi, mengatakan kerjasama Kemenkes dengan APRIL Group mendukung upaya transformasi layanan primer melalui integrasi layanan primer. Sebagai bagian dari kerja sama ini, ada pula deklarasi kepala desa dan lurah terkait peduli Posyandu, serta penyematan pin tanda kecakapan kader Posyandu.\r\n\r\nLangkah awal dari kerja sama yang telah terjalin ini, dilakukan penyerahan alat kesehatan secara simbolis dari presiden direktur APRIL Group kepada tiga bupati.\r\n\r\n\'\'Dukungan APRIL Group menyediakan alat kesehatan untuk melengkapi kebutuhan layanan kesehatan di Puskesmas. Kami berharap tiga kabupaten ini menjadi contoh kerja sama yang baik antara pemerintah dan swasta, serta keterlibatan masyarakat yang baik,\'\' ucap Dirjen Maria.\r\n\r\nKemenkes akan menugaskan tim untuk melakukan monitoring bersama terhadap hasil-hasil kerja sama ini agar nanti bisa ditularkan dalam kerja sama-kerja sama yang lain.\r\n\r\nPresiden Direktur PT. RAPP Sihol Aritonang mengungkapkan salah satu komitmen perusahaannya adalah meningkatkan akses masyarakat terhadap pelayanan kesehatan, dan juga ambil bagian dalam upaya nasional yang dipimpin oleh pemerintah untuk mengurangi insiden stunting.\r\n\r\n\'\'Kami yakin fasilitas kesehatan yang berkualitas akan menjadi fondasi untuk pertumbuhan dan pembangunan yang berkelanjutan,\'\' ucap Sihol.\r\n\r\nKemitraan ini, baginya, mengintensifkan kerja sama yang sudah berlangsung selama ini dengan pemerintah kabupaten dan pemerintah provinsi dalam mendukung peningkatan kesejahteraan masyarakat.\r\n\r\nDukungan APRIL Group meliputi penyediaan lebih dari 800 unit alat kesehatan deteksi dini termasuk di antaranya USG, EKG, antropometri dan alat kesehatan lainnya.\r\n\r\nAlat kesehatan ini akan dibarengi dengan pelatihan tenaga kesehatan untuk mengoperasikannya. Pelatihan juga akan mencakup mekanisme rujukan sehingga deteksi dini yang dilakukan itu tidak sia-sia tetapi bisa ditindaklanjuti dengan penanganan yang cepat dan tepat waktu.\r\n\r\n\'\'Diharapkan kualitas layanan primer ini makin meningkat dan ini menjadi kontribusi kita untuk tujuan nasional. APRIL akan terus berkolaborasi dengan Kementerian Kesehatan serta berkontribusi mewujudkan transformasi layanan kesehatan di Indonesia,\'\' tutur Sihol.\r\n\r\nGubernur Riau Syamsuar berharap Menkes Budi dapat membantu pemenuhan sarana dan prasarana yang masih memerlukan dukungan, termasuk juga peningkatan kapasitas sumber daya manusia yang nanti akan melaksanakan tugas di setiap Puskesmas di Riau dalam rangka pelaksanaan transformasi layanan primer di wilayahnya.\r\n\r\n\'\'Pemerintah daerah terus mengupayakan lebih banyak kabupaten/kota yang terlibat dalam program pencegahan, terutama dalam perluasan cakupan jaminan kesehatan. Harapan kami ke depan semua kabupaten/kota di Riau telah melaksanakan pelayanan kesehatan semesta,\'\' kata Syamsuar.\r\n\r\nBupati Pelalawan Zukri menjelaskan bahwa di wilayahnya ada 14 Puskesmas dan satu rumah sakit kelas C yang menjadi rujukan regional. Di Pelalawan juga terdapat 176 Posyandu dengan 1.850 kader.\r\n\r\n\'\'Kami sangat mendukung program integrasi layanan primer maka kami sudah dan terus melakukan apapun kebijakan yang dibuat pemerintah pusat. Kabupaten Pelalawan bidang kesehatan terus berjalan dan terus kita datang ke rakyat-rakyat bahkan seluruh bidan-bidan desa kita wajibkan minimal dalam satu bulan seluruh Lansia wajib dikunjungi oleh seluruh bidan desa,\'\' ucapnya.\r\n\r\nSelain itu, jaminan kesehatan masyarakat di Pelalawan sudah mencapai 99,22% sudah memiliki jaminan kesehatan. Artinya tinggal 0,78% yang belum memiliki jaminan kesehatan. Saat ini masyarakat Pelalawan cukup mempunyai KTP bisa menerima pelayanan kesehatan gratis di Kabupaten Pelalawan.\r\n\r\n\'\'Pemerintah Kabupaten Pelalawan sangat serius dalam memberikan jaminan kesehatan masyarakat. Kami berterima kasih sekali saat ini Pelalawan dijadikan salah satu role model integrasi layanan primer,\'\' ungkap Zukri.',	'1691545173.jpg',	'2023-08-09 01:39:33',	'2023-09-18 13:26:42'),
(40,	1,	3,	'Rawon dan ”Kebrutalan” yang Nikmat',	'Rawon dari Jawa Timur tahun ini diakui sebagai salah satu sup terlezat di dunia pada 2023 versi Taste Atlas. Bagaimana cita rasa rawon bisa menancap di lidah banyak orang, termasuk kini lidah orang asing?\r\n\r\nJawaban bisa kita telusuri lewat pengalaman menyantap rawon di warung, kedai, depot, atau restoran yang menyediakan rawon di Surabaya, Malang, dan sekitarnya.\r\n\r\nDi Surabaya, Jawa Timur, hampir mustahil menentukan tempat rawon terenak di antara lebih dari 1.000 lokasi penyedia menu kebanggaan arek-arek tersebut. Setiap pencinta rawon memiliki referensi tempat menyantap sup yang berkalbu hitam lantaran bumbu keluak itu.\r\n\r\nDi antara begitu banyak kedai rawon, ada sejumlah kedai rawon balungan dan rawon bakar yang cukup unik. Cobalah Anda ketik rawon balungan (tulang) di Google Maps. Maka, akan keluar setidaknya 15 lokasi di Surabaya Raya (Surabaya, Gresik, Sidoarjo) yang menyediakan menu tersebut. Kompas memilih Warung Rawon Balungan Benowo H Mufid di seberang Terminal Benowo di Jalan Raya Benowo, Surabaya Barat, Rabu (13/9/2023).\r\n\r\nBagi kalangan jurnalis olahraga, warung ini menjadi lokasi favorit, bahkan wajib didatangi sebelum meliput laga sepak bola di Stadion Gelora Bung Tomo. Kedai dan arena berjarak 3,1 kilometer. Warung ini menyajikan sepiring tumpukan tulang sapi daging yang ”menggunung” dalam sup hitam pekat dan berminyak oleh butiran sumsum.\r\n\r\nPorsinya benar-benar ”brutal”. Sulit dihabiskan untuk sekali makan bagi yang ukuran lambungnya standar. Sepiring rawon yang kaya lemak, kolesterol, protein, vitamin, kalsium, dengan segala kebaikan dan keburukannya. Sungguh ”kebrutalan” yang nikmat.',	'1695043564.jpg',	'2023-08-09 01:44:56',	'2023-09-18 13:26:04'),
(41,	1,	4,	'Cuci Tangan Pakai Sabun Cegah Kematian Anak Akibat Infeksi',	'Menteri Kesehatan RI Budi Gunadi Sadikin menghadiri Hari Cuci Tangan Pakai Sabun Sedunia (HCTPS) di Jakarta, Senin (17/10). Menkes Budi mengatakan cuci tangan pakai sabun dapat mencegah penularan infeksi dan menurunkan angka kematian anak.\r\n\r\n\'\'Cuci tangan pakai sabun dan sanitasi total berbasis masyarakat itu penting untuk kita implementasikan karena dia bisa mencegah infeksi dan itu akan menurunkan angka kematian anak,\'\' ujar Menkes Budi usai pembukaan HCTPS.\r\n\r\nKebiasaan cuci tangan pakai sabun sejalan dengan transformasi kesehatan fokus pada pilar pertama yakni transformasi layanan kesehatan primer. Layanan kesehatan primer ini lebih mengutamakan promotif preventif.\r\n\r\nKegiatan cuci tangan pakai sabun ini, menurutnya, dinilai lebih efektif dalam mencegah penularan infeksi masuk ke dalam mulut melalui tangan.\r\n\r\n\'\'Berbagai jenis infeksi yang menular melalui mulut tidak akan terjadi apabila kita membiasakan mencuci tangan pakai sabun. Hal ini dapat juga mengurangi dan mencegah terjadinya diare pada anak,\'\' ucap Menkes.\r\n\r\nMenkes Budi meminta seluruh masyarakat Indonesia untuk bisa meningkatkan kebersihan lingkungan di tempat tinggalnya, mulai dari lingkungan terkecil di keluarga kemudian juga ke masyarakat di mana kita berada.\r\n\r\n\'\'Dengan kita memastikan kebersihan lingkungan kita bisa memastikan bahwa anak-anak kita hidupnya lebih sehat dan lebih baik dari kita,\'\' tutur Menkes Budi.\r\n\r\nMenurut Menkes, menjadi tugas seluruh lapisan masyarakat untuk menjadikan program kesehatan menjadi gerakan bersama, karena permasalahan kesehatan hanya dapat diatasi dengan bergerak secara bersama sama. Menkes budi berharap melalui keterlibatan berbagai organisasi masyarakat, organisasi wanita akan muncul suatu gerakan menyehatkan bangsa yang dimulai dari keluarga.\r\n\r\nDirjen Pencegahan dan Pengendalian Penyakit Kemenkes dr. Maxi Rein Rondonuwu mengatakan cuci tangan pakai sabun saat ini merupakan salah satu fokus utama dari program nasional sanitasi total berbasis masyarakat yang diselenggarakan oleh pemerintah Indonesia.\r\n\r\n\'\'Cuci tangan pakai sabun juga dikenal luas sebagai teknik dasar penting pencegahan penyebaran penyakit menular. Tingkat keberhasilannya 85% dapat mencegah penyakit dan 15% mencegah supaya sakitnya tidak menjadi berat,\'\' ucap Dirjen Maxi.\r\n\r\nHari cuci tangan pakai sabun ini menjadi momentum penting dalam melaksanakan kampanye dan advokasi pentingnya pencapaian target CTPS 100% secara nasional, dan menjadi kebiasaan untuk mengubah perilaku masyarakat.\r\n\r\n\'\'Tahun ini kembali kita laksanakan untuk mengetahui bersama pentingnya peran seorang ibu dalam berkontribusi secara penuh pada pendidikan kesehatan untuk lingkungan yang lebih baik dan lebih sehat,\'\' ungkap Dirjen Maxi.\r\n\r\nKetua Bidang Peningkatan Kualitas Kesehatan dan Organisasi Aksi Solidaritas Era Kabinet Indonesia Maju (OASE-KIM) Kartika Nurani Basuki mengatakan CTPS menjadi upaya penting dalam mencegah penularan penyakit menular seperti COVID-19. Secara tidak langsung CTPS bisa mengontrol terhadap aktivitas masyarakat dalam kehidupan ekonomi dan sosial pada tahun 2030.\r\n\r\n\'\'Indonesia bersama negara-negara di dunia berkomitmen untuk mencapai target pembangunan berkelanjutan yaitu ketersediaan akses air bersih, dan sanitasi bersih,\'\' ujar Kartika.\r\n\r\nHari Cuci Tangan Pakai Sabun Sedunia (HCTPS) tahun ini mengambil tema \'Unite for Universal Hand Hygiene\'. Sedangkan tema nasional \'Bersatu untuk Tangan Bersih Sehat\' dan sub tema \'Peran Perempuan dalam Penurunan Stunting melalui Stop Buang Air Besar Sembarangan (SBS) dan CTPS\'. HCTPS diperingati setiap tahun pada 15 Oktober di seluruh negara di dunia, dan jadi momen penting dalam pencegahan penularan penyakit.\r\n\r\nBerita ini disiarkan oleh Biro Komunikasi dan Pelayanan Publik, Kementerian Kesehatan RI. Untuk informasi lebih lanjut dapat menghubungi nomor hotline Halo Kemenkes melalui nomor hotline 1500-567, SMS 081281562620, faksimili (021) 5223002, 52921669, dan alamat email kontak[at]kemkes[dot]go[dot]id (D2).',	'1691547953.jpg',	'2023-08-09 02:25:54',	'2023-09-18 13:13:34'),
(46,	1,	3,	'Bingtanghulu, Si Penyegar Tubuh dan Jiwa',	'Kombinasi manis dan asam sudah cukup untuk membuat lidah ketagihan. Di China ada sebuah camilan tradisional bernama bingtanghulu atau tanghulu yang menawarkan rasa yang seru itu. Orang muda dan tua menjadi penggemarnya.\r\n\r\nGao Shixiang (64) mengambil bubuk gula putih lalu menaruhnya dalam wajan panas berisi air. Buih perlahan muncul dari permukaan air gula itu. Asap membubung tinggi sehingga aroma manis menyeruak ke hidung puluhan pengunjung yang mengelilingi stan Qingdao Gao\'s Ice-Sugar Gourd di Qingdao SCODA Pearl International Expo Center, Qingdao, Shandong, China, Senin (22/5/2023).\r\n\r\nSemua mata tertuju pada wajan. Gao terus mengaduk dengan sabar agar air menguap habis. Lama kelamaan air gula berwarna kuning keemasan itu mengental. Ia mengambil tusuk bambu, mencelup ke dalam wajan, dan menaruh tusuk bambu itu di air dingin sejenak untuk dicicipi. Sedikit lagi tingkat kematangannya pas.\r\n\r\nGao kemudian mengambil satu tusuk bambu yang ditancapkan tiga butir buah haw (hawthorn). Warna buah itu merah segar menggoda. Pria itu lalu memiringkan wajan dan mencelup buah tersebut ke dalam gula cair panas yang telah siap. Setelah itu, buah haw di tusukan bambu itu Gao taruh di atas wajan berisi taburan wijen di samping kompor agar mengering.\r\n\r\nPertunjukan belum selesai. Gao meminta semua pengunjung yang sibuk menonton untuk mundur sekitar 1,5 meter dari wajan. Ia lalu menyelimuti tusukan buah haw dan membalik tusukan itu ke arah lantai. Dengan telapak tangannya, ia memutar tusukan itu sehingga lapisan gula cair berubah bentuk menyerupai benang-benang halus.\r\n\r\nDecak kagum keluar dari mulut penonton. Gao terlihat puas dengan dirinya sendiri. Tangannya lanjut memutar-mutar tusukan buah haw agar bentuknya menjadi seperti gula kapas. Dia langsung memberikan tusukan itu ke salah pengunjung yang terlihat girang.\r\n\r\nMasyarakat China menyebut tusukan buah haw berbalut gula itu bingtanghulu atau tanghulu, yaitu semacam buah dilapisi gula es. Camilan ini populer di berbagai wilayah di China. Seumur hidupnya, Gao adalah satu dari sekian orang yang menjalankan bisnis keluarga sebagai penjual bingtanghulu.\r\n\r\n”Tidak hanya anak-anak, orang dewasa juga menyukai camilan ini. Bingtanghulu yang saya jual dalam sehari jumlahnya tak terhitung,” kata Gao di sela-sela acara Peluncuran Travelogue of China.',	'1695079092.jpg',	'2023-09-18 23:18:12',	'2023-09-18 23:18:12'),
(47,	1,	4,	'Tenaga Medis Didayagunakan untuk Kejar Pemerataan',	'”Pendayagunaan tenaga medis dan tenaga kesehatan WNI lulusan luar negeri dilaksanakan sesuai dengan perencanaan kebutuhan secara nasional dalam rangka pemenuhan tenaga medis dan tenaga kesehatan,” ujarnya.\r\n\r\nSecara teknis, proses penerimaan tenaga kesehatan WNI lulusan luar negeri diawali dengan evaluasi kompetensi dengan memiliki kelengkapan administrasi. Kebutuhan administrasi sudah lengkap, proses berikutnya dengan uji kompetensi. Jika telah dinyatakan kompeten, tenaga kesehatan tersebut dapat melakukan adaptasi di fasilitas pelayanan kesehatan yang ditunjuk maksimal satu tahun dengan pemberian surat izin praktik (SIP) dan surat tanda registrasi (STR).\r\n\r\nSelama proses adaptasi, tenaga kesehatan dan tenaga medis lulusan luar negeri tetap mendapatkan insentif. Setelah selesai menjalani proses adaptasi, mereka ditempatkan di rumah sakit yang membutuhkan.\r\n\r\nNamun, WNI lulusan luar negeri dari penyelenggara pendidikan yang diakui Kementerian Kesehatan ataupun WNI lulusan luar negeri yang ahli atau pakar dalam layanan unggulan tertentu tidak perlu melakukan uji kompetensi dan adaptasi. Setelah keperluan administrasi dilengkapi, tenaga kesehatan tersebut cukup melakukan penilaian portofolio. Jika dinyatakan kompeten, dapat langsung ditempatkan di rumah sakit yang membutuhkan dengan diawali masa orientasi sistem pelayanan kesehatan di Indonesia.\r\n\r\nSementara itu, Anna menyatakan, aturan yang berbeda diberlakukan untuk tenaga medis dan tenaga kesehatan WNA. Proses penerimaan untuk pendayagunaan SDM kesehatan WNA hampir serupa dengan WNI lulusan luar negeri. Namun, pengalaman praktik yang ditentukan minimal tiga tahun.\r\n\r\nKetua Umum Asosiasi Rumah Sakit Swasta Seluruh Indonesia (ARSSI) Ichsan Hanafi berharap peran rumah sakit swasta bisa ditingkatkan untuk mendukung pemerataan dan distribusi tenaga kesehatan dan tenaga medis. Selain itu, RS swasta pun diharapkan bisa mendapatkan akses yang lebih besar untuk mendidik dokter spesialis.\r\n\r\n”Sejauh ini, aturan yang berlaku masih fokus pada rumah sakit milik pemerintah, tidak ada yang fokus ke fasilitas kesehatan swasta. Padahal, kami di fasilitas swasta merupakan bagian yang tidak terpisahkan untuk meningkatkan kesehatan masyarakat,” ucapnya.',	'1695085653.jpg',	'2023-09-19 01:07:33',	'2023-09-19 01:07:33'),
(49,	1,	3,	'Dimanja Kuliner Italia dan Nusantara',	'Makan malam menjadi istimewa biasanya lantaran dua hal, menu makanan yang lezat dan obrolan yang nyaman, ”gayeng” sepanjang acara.\r\n\r\nTerkait makanan lezat, pilihannya bisa sangat beragam. Setiap tempat dan latar budaya punya banyak kuliner jagoannya. Dalam dua kesempatan berbeda, Kompas diundang mencicipi pilihan menu makan malam dari dua negara berbeda.\r\n\r\nMakan malam pertama bermenu hidangan Italia, terutama kawasan Italia utara, di Restoran Il Mare, Hotel Mulia Jakarta, Jumat (3/3/2023). Lalu yang kedua di Restoran Bel Étage, Hotel St Regis, Jakarta, Rabu (8/3), dengan menu andalan kuliner Tanah Air.\r\n\r\nDinaungi atmosfer restoran bernuansa elegan, penerangan temaram, tetapi memadai dan lembut dalam pandangan mata, sejumlah menu pilihan khas Italia disajikan di Il Mare berformat fine dining.\r\n\r\nMenurut Direktur Food and Beverage Hotel Mulia Senayan Maurizio Moncalvo, mereka menawarkan beragam olahan pasta, daging, dan sajian penutup manis. Kuliner Negeri Pizza dan Pasta ini cukup populer di Indonesia dibandingkan kuliner sesama negara Eropa, macam Perancis.\r\n\r\nRagam masakannya pun variatif dan mengandalkan hasil alamnya, seperti juga kuliner Tanah Air. Lantaran bentuk geografis yang sekitar 40 persen pegunungan subur, wilayah-wilayah di Italia terbilang mandiri dengan mengandalkan hasil bumi sendiri.\r\n\r\nKawasan Italia utara identik dengan area pegunungan. Ragam kulinernya mayoritas berbahan olahan daging hewan ternak dan produk olahan susu (dairy). Sementara untuk kuliner di kawasan selatan, yang berpantai dan berada di wilayah Laut Mediterania, ragam kulinernya identik dengan aneka ragam hasil laut (seafood).\r\n\r\nSalah satu menu utama (main course) yang disajikan di santap malam kali ini berupa daging panggang, Bistecca. Berbahan daging sapi wagyu bagian iga (rib eye) yang dipanggang di oven arang kayu. Saat disajikan cita rasa daging Bistecca diperkaya dengan siraman saus kuah (gravy) dengan tambahan lada.',	'1695089331.jpg',	'2023-09-19 02:08:51',	'2023-09-19 02:08:51'),
(50,	1,	4,	'Standar Terapi Berbasis Sel Punca Disiapkan',	'Pemanfaatan sel punca di bidang kedokteran selama ini masih sebatas untuk riset berbasis layanan terapi. Namun, pemerintah kini sedang menyiapkan aturan mengenai standar terapi berbasis sel punca agar pemanfaatannya bisa semakin luas di masyarakat.\r\n\r\nDirektur Tata Kelola Pelayanan Kesehatan Kementerian Kesehatan Sunarto dalam kegiatan public hearing Rancangan Peraturan Pemerintah (RPP) terkait Undang-Undang Kesehatan: Pelayanan Sel Punca di Jakarta, Senin (18/9/2023), mengatakan, terapi berbasis sel ataupun sel punca dapat memberikan manfaat bagi masyarakat. Terapi ini dapat meningkatkan upaya penyembuhan penyakit, pemulihan kesehatan, dan peningkatan kualitas hidup dari pasien.\r\n\r\n”Sel punca sudah hampir 10-15 tahun berkembang di Indonesia. Namun, standar pelayanan itu belum ada. Semua pelayanan masih diberikan melalui penelitian berbasis layanan. Jadi, RPP ini akan mengatur standar agar keselamatan pasien dalam pelayanan berbasis sel atau sel punca bisa terjamin,” tuturnya.\r\n\r\nTerapi berbasis sel dan atau sel punca menjadi bagian yang diatur dalam Undang-Undang Nomor 17 Tahun 2023 tentang Kesehatan. Dalam undang-undang itu, terapi berbasis sel punca diatur pada pasal 135-136 dengan ketentuan lebih lanjut yang diatur dalam peraturan pemerintah.\r\n\r\nIa menyampaikan, penyelenggaraan terapi berbasis sel dan sel punca pada prinsipnya hanya dapat dilakukan untuk tujuan penyembuhan penyakit dan pemulihan kesehatan. Terapi berbasis sel dan sel punca dilarang digunakan untuk tujuan reproduksi. Terapi ini pun bisa dilakukan jika sudah terbukti keamanan, khasiat, dan kemanfaatannya. Diatur pula bahwa sel punca yang digunakan tidak boleh berasal dari sel punca embrionik.\r\n\r\n”Sel punca dan sel yang diatur untuk pelayanan terapi merupakan pelayanan yang sudah ada standarnya. Ada beberapa usulan yang masuk ke Kementerian Kesehatan, misalnya, sel punca untuk estetik atau kecantikan, bedah plastik, dan ortopedi. Itu sekarang masih dibahas di Kementerian Kesehatan,” katanya.\r\n\r\nSunarto mengatakan, aturan juga akan disiapkan untuk pemanfaatan sel punca dan sel untuk penelitian berbasis pelayanan yang dapat diselenggarakan di rumah sakit yang ditetapkan oleh Menteri Kesehatan.',	'1695090164.jpg',	'2023-09-19 02:22:44',	'2023-09-19 02:22:44');

DROP TABLE IF EXISTS `users`;
CREATE TABLE `users` (
  `id` bigint unsigned NOT NULL AUTO_INCREMENT,
  `name` varchar(255) COLLATE utf8mb4_unicode_ci NOT NULL,
  `username` varchar(255) COLLATE utf8mb4_unicode_ci NOT NULL,
  `email` varchar(255) COLLATE utf8mb4_unicode_ci NOT NULL,
  `email_verified_at` timestamp NULL DEFAULT NULL,
  `password` varchar(255) COLLATE utf8mb4_unicode_ci NOT NULL,
  `remember_token` varchar(100) COLLATE utf8mb4_unicode_ci DEFAULT NULL,
  `created_at` timestamp NULL DEFAULT NULL,
  `updated_at` timestamp NULL DEFAULT NULL,
  PRIMARY KEY (`id`),
  UNIQUE KEY `users_username_unique` (`username`),
  UNIQUE KEY `users_email_unique` (`email`)
) ENGINE=InnoDB DEFAULT CHARSET=utf8mb4 COLLATE=utf8mb4_unicode_ci;

INSERT INTO `users` (`id`, `name`, `username`, `email`, `email_verified_at`, `password`, `remember_token`, `created_at`, `updated_at`) VALUES
(1,	'Portal Utama',	'adminportalutama',	'adminportalutama@gmail.com',	NULL,	'$2y$10$o.rJHn.nbPm8DnMgwo1sl.se1Koxr.pobX8dMlfh0Y9xf5ejdv7x.',	NULL,	'2023-08-08 23:30:03',	'2023-08-08 23:30:03');

-- 2023-09-22 02:35:19
